02a200a6a9b546ffc6e5d7d7cd7c5dda,7 April 2021  08:30 AM,7 April 2021  08:42 AM,12 хв 28 сек,"5,50","0,50","0,50","0,00","0,50","0,50","0,00","0,50","0,00","0,50","0,50","0,00","0,00","0,00","0,00","0,50","0,50","0,00","0,50","0,00","0,50"
9d573ca71b65c42995513a285239e6fb,7 April 2021  08:30 AM,7 April 2021  08:48 AM,17 хв 16 сек,"8,33","0,50","0,50","0,50","0,50","0,50","0,50","0,50","0,00","0,00","0,50","0,50","0,50","0,50","0,50","0,50","0,00","0,50","0,50","0,50","0,33"
505b91b1624590009ced875739f764eb,7 April 2021  08:31 AM,7 April 2021  08:52 AM,20 хв 52 сек,"7,83","0,50","0,50","0,50","0,50","0,50","0,50","0,50","0,00","0,50","0,50","0,50","0,50","0,50","0,50","0,50","0,50","0,00","0,00","0,00","0,33"
0965106f5aab6c37d3f2bffdb7ad0f8c,7 April 2021  08:31 AM,7 April 2021  08:56 AM,25 хв 27 сек,"9,50","0,50","0,50","0,50","0,50","0,50","0,50","0,50","0,50","0,50","0,50","0,50","0,50","0,50","0,00","0,50","0,50","0,50","0,50","0,50","0,50"
4f6441f17148808a4000922e15900510,7 April 2021  08:31 AM,7 April 2021  08:57 AM,25 хв 32 сек,"10,00","0,50","0,50","0,50","0,50","0,50","0,50","0,50","0,50","0,50","0,50","0,50","0,50","0,50","0,50","0,50","0,50","0,50","0,50","0,50","0,50"
41da59587571746358a6a9dc09285c04,7 April 2021  08:31 AM,7 April 2021  08:59 AM,27 хв 31 сек,"9,33","0,50","0,50","0,50","0,50","0,50","0,50","0,50","0,50","0,50","0,50","0,50","0,50","0,00","0,50","0,50","0,50","0,50","0,50","0,50","0,33"
93c16c07e3c7028534907ffac7111b23,7 April 2021  08:31 AM,7 April 2021  08:47 AM,15 хв 23 сек,"6,33","0,50","0,50","0,50","0,50","0,00","0,50","0,50","0,00","0,00","0,00","0,50","0,50","0,50","0,50","0,50","0,00","0,00","0,00","0,50","0,33"
952c5797c04f1a680ee5c5a3c668e5b2,7 April 2021  08:31 AM,7 April 2021  08:56 AM,24 хв 57 сек,"8,83","0,50","0,50","0,50","0,50","0,50","0,50","0,50","0,50","0,50","0,00","0,50","0,50","0,50","0,50","0,50","0,00","0,50","0,50","0,50","0,33"
59f211c6c5cb2e46cee4c8fbedbf9bbb,7 April 2021  08:32 AM,7 April 2021  08:49 AM,16 хв 55 сек,"6,33","0,50","0,50","0,50","0,50","0,00","0,50","0,50","0,00","0,00","0,00","0,50","0,00","0,50","0,50","0,50","0,50","0,00","0,00","0,50","0,33"
e5b05ab5e871e3b4e3591e4ffcb02248,7 April 2021  08:32 AM,7 April 2021  09:01 AM,29 хв 22 сек,"8,33","0,50","0,50","0,50","0,50","0,50","0,50","0,50","0,50","0,00","0,00","0,50","0,50","0,50","0,50","0,50","0,50","0,50","0,50","0,00","0,33"
0c9dac36b3f19b7f7b2f79f64b696dc4,7 April 2021  08:32 AM,7 April 2021  08:54 AM,22 хв 1 сек,"8,33","0,50","0,50","0,50","0,50","0,50","0,50","0,50","0,00","0,50","0,50","0,50","0,50","0,00","0,50","0,50","0,50","0,00","0,50","0,50","0,33"
54615f1bcad85c5bb5fd505e02577ac1,7 April 2021  08:32 AM,7 April 2021  08:52 AM,20 хв 13 сек,"10,00","0,50","0,50","0,50","0,50","0,50","0,50","0,50","0,50","0,50","0,50","0,50","0,50","0,50","0,50","0,50","0,50","0,50","0,50","0,50","0,50"
73950a87f442a5d1e9d25615dc017aae,7 April 2021  08:32 AM,7 April 2021  09:00 AM,27 хв 36 сек,"8,00","0,50","0,50","0,50","0,50","0,50","0,50","0,50","0,00","0,00","0,00","0,50","0,50","0,50","0,50","0,50","0,00","0,50","0,50","0,50","0,50"
5549c1f8b7b574d12316b0768a40d63e,7 April 2021  08:32 AM,7 April 2021  08:57 AM,24 хв 50 сек,"10,00","0,50","0,50","0,50","0,50","0,50","0,50","0,50","0,50","0,50","0,50","0,50","0,50","0,50","0,50","0,50","0,50","0,50","0,50","0,50","0,50"
fa266e9b0ab02aada4c3943cb37a3189,7 April 2021  08:32 AM,7 April 2021  08:57 AM,25 хв 3 сек,"9,50","0,50","0,50","0,50","0,50","0,50","0,50","0,50","0,50","0,50","0,50","0,50","0,50","0,00","0,50","0,50","0,50","0,50","0,50","0,50","0,50"
98f8cfc7fb4f7b51009dfad690340704,7 April 2021  08:32 AM,7 April 2021  09:01 AM,28 хв 11 сек,"10,00","0,50","0,50","0,50","0,50","0,50","0,50","0,50","0,50","0,50","0,50","0,50","0,50","0,50","0,50","0,50","0,50","0,50","0,50","0,50","0,50"
f7a287071f7b2e665dea79e892db49a1,7 April 2021  08:33 AM,7 April 2021  09:03 AM,30 хв,"8,33","0,50","0,50","0,50","0,50","0,50","0,50","0,50","0,00","0,50","0,50","0,50","0,50","0,50","0,50","0,50","0,50","0,00","0,00","0,50","0,33"
966b407b362e1bd55f7c0385dbf02ed5,7 April 2021  08:33 AM,7 April 2021  08:57 AM,24 хв 15 сек,"9,00","0,50","0,50","0,50","0,50","0,50","0,50","0,50","0,50","0,00","0,50","0,50","0,50","0,00","0,50","0,50","0,50","0,50","0,50","0,50","0,50"
246f8381462e46778875856c349c2f7b,7 April 2021  08:33 AM,7 April 2021  08:58 AM,24 хв 39 сек,"9,50","0,50","0,50","0,50","0,50","0,50","0,50","0,50","0,00","0,50","0,50","0,50","0,50","0,50","0,50","0,50","0,50","0,50","0,50","0,50","0,50"
674b89014c2cfd6d42f3d425efd1d446,7 April 2021  08:33 AM,7 April 2021  08:58 AM,24 хв 44 сек,"9,50","0,50","0,50","0,50","0,50","0,50","0,50","0,50","0,00","0,50","0,50","0,50","0,50","0,50","0,50","0,50","0,50","0,50","0,50","0,50","0,50"
929ca1a791d59ce486f779989581a4e4,7 April 2021  08:33 AM,7 April 2021  09:03 AM,30 хв 1 сек,"9,50","0,50","0,50","0,50","0,50","0,50","0,50","0,50","0,50","0,50","0,50","0,50","0,50","0,50","0,00","0,50","0,50","0,50","0,50","0,50","0,50"
5ae622c5c14814ff1bb9337a41b5ce5c,7 April 2021  08:33 AM,7 April 2021  08:47 AM,13 хв 59 сек,"3,17","0,00","0,00","0,50","0,00","0,00","0,00","0,00","0,50","0,00","0,00","0,00","0,50","0,00","0,00","0,50","0,00","0,50","0,00","0,50","0,17"
d745afe9160f202da78b5a4f129ce10d,7 April 2021  08:34 AM,7 April 2021  09:01 AM,27 хв 42 сек,"8,00","0,50","0,50","0,50","0,50","0,00","0,50","0,50","0,00","0,00","0,00","0,50","0,50","0,50","0,50","0,50","0,50","0,50","0,50","0,50","0,50"
998e6440be912e4d2e7655879f40a79d,7 April 2021  08:34 AM,7 April 2021  09:03 AM,29 хв 40 сек,"9,50","0,50","0,50","0,50","0,50","0,50","0,50","0,50","0,00","0,50","0,50","0,50","0,50","0,50","0,50","0,50","0,50","0,50","0,50","0,50","0,50"
f2c3131156bfac49a1444b046fbeb8ae,7 April 2021  08:34 AM,7 April 2021  09:03 AM,29 хв 25 сек,"9,50","0,50","0,50","0,50","0,50","0,50","0,50","0,50","0,50","0,00","0,50","0,50","0,50","0,50","0,50","0,50","0,50","0,50","0,50","0,50","0,50"
5dd0cc082f1fae8b18cdb603fb2f2e3d,7 April 2021  08:34 AM,7 April 2021  09:00 AM,25 хв 51 сек,"9,50","0,50","0,50","0,50","0,50","0,50","0,50","0,50","0,50","0,00","0,50","0,50","0,50","0,50","0,50","0,50","0,50","0,50","0,50","0,50","0,50"
1f363bc0b2f7c22c0133962add5339e7,7 April 2021  08:34 AM,7 April 2021  09:02 AM,28 хв 19 сек,"10,00","0,50","0,50","0,50","0,50","0,50","0,50","0,50","0,50","0,50","0,50","0,50","0,50","0,50","0,50","0,50","0,50","0,50","0,50","0,50","0,50"
f074c5fe7fc8f42eb899f3e9220b4839,7 April 2021  08:34 AM,7 April 2021  09:01 AM,26 хв 19 сек,"9,50","0,50","0,50","0,50","0,50","0,50","0,50","0,50","0,50","0,00","0,50","0,50","0,50","0,50","0,50","0,50","0,50","0,50","0,50","0,50","0,50"
fd59449ac2eeb75b1827b5dac8c95e8c,7 April 2021  08:35 AM,7 April 2021  09:00 AM,25 хв 3 сек,"8,17","0,50","0,50","0,50","0,50","0,50","0,50","0,50","0,00","0,00","0,50","0,50","0,50","0,50","0,00","0,50","0,50","0,50","0,50","0,50","0,17"
01e45bead8a28a96f9a610fb0446cb8e,7 April 2021  08:35 AM,7 April 2021  09:02 AM,26 хв 15 сек,"9,50","0,50","0,50","0,50","0,50","0,50","0,50","0,50","0,50","0,50","0,50","0,00","0,50","0,50","0,50","0,50","0,50","0,50","0,50","0,50","0,50"
f7d0ea2b226d720e7a91495f1d50cc10,7 April 2021  08:35 AM,7 April 2021  09:01 AM,26 хв 9 сек,"9,83","0,50","0,50","0,50","0,50","0,50","0,50","0,50","0,50","0,50","0,50","0,50","0,50","0,50","0,50","0,50","0,50","0,50","0,50","0,50","0,33"
ab66873c636b6ecd7d3bcb7f69097e13,7 April 2021  08:35 AM,7 April 2021  09:02 AM,26 хв 58 сек,"10,00","0,50","0,50","0,50","0,50","0,50","0,50","0,50","0,50","0,50","0,50","0,50","0,50","0,50","0,50","0,50","0,50","0,50","0,50","0,50","0,50"
133b55c39560f06ab32582c6a62f9b10,7 April 2021  08:36 AM,7 April 2021  09:05 AM,29 хв 1 сек,"9,00","0,50","0,50","0,50","0,50","0,50","0,50","0,50","0,00","0,50","0,50","0,00","0,50","0,50","0,50","0,50","0,50","0,50","0,50","0,50","0,50"
3012c412122b09da9b5e2c3e65ab4682,7 April 2021  08:36 AM,7 April 2021  08:56 AM,20 хв 8 сек,"9,50","0,50","0,50","0,50","0,50","0,50","0,50","0,50","0,50","0,50","0,50","0,50","0,50","0,50","0,50","0,50","0,50","0,00","0,50","0,50","0,50"
056ab1676355b70a294513fdeb7cb998,7 April 2021  08:37 AM,7 April 2021  08:59 AM,22 хв,"9,00","0,50","0,50","0,50","0,50","0,50","0,50","0,50","0,00","0,00","0,50","0,50","0,50","0,50","0,50","0,50","0,50","0,50","0,50","0,50","0,50"
0f24a3d849ce97b9d3b10b7f3a93cfd2,7 April 2021  08:37 AM,7 April 2021  08:56 AM,19 хв 50 сек,"10,00","0,50","0,50","0,50","0,50","0,50","0,50","0,50","0,50","0,50","0,50","0,50","0,50","0,50","0,50","0,50","0,50","0,50","0,50","0,50","0,50"
cef0127e7a40ae3d88b61112a638b9dc,7 April 2021  08:37 AM,7 April 2021  09:01 AM,23 хв 49 сек,"10,00","0,50","0,50","0,50","0,50","0,50","0,50","0,50","0,50","0,50","0,50","0,50","0,50","0,50","0,50","0,50","0,50","0,50","0,50","0,50","0,50"
212b8a7ebef6a884914303252fb38e52,7 April 2021  08:37 AM,7 April 2021  09:01 AM,23 хв 56 сек,"10,00","0,50","0,50","0,50","0,50","0,50","0,50","0,50","0,50","0,50","0,50","0,50","0,50","0,50","0,50","0,50","0,50","0,50","0,50","0,50","0,50"
b2e9b3453cccb52992bdea4f3c5ca2a5,7 April 2021  08:37 AM,7 April 2021  09:01 AM,24 хв 8 сек,"10,00","0,50","0,50","0,50","0,50","0,50","0,50","0,50","0,50","0,50","0,50","0,50","0,50","0,50","0,50","0,50","0,50","0,50","0,50","0,50","0,50"
311bc1f2b38f5dba6748df4407318153,7 April 2021  08:37 AM,7 April 2021  09:01 AM,23 хв 57 сек,"10,00","0,50","0,50","0,50","0,50","0,50","0,50","0,50","0,50","0,50","0,50","0,50","0,50","0,50","0,50","0,50","0,50","0,50","0,50","0,50","0,50"
f802e8ac0e91d5030ea6388f72669ace,7 April 2021  08:37 AM,7 April 2021  08:59 AM,22 хв 10 сек,"10,00","0,50","0,50","0,50","0,50","0,50","0,50","0,50","0,50","0,50","0,50","0,50","0,50","0,50","0,50","0,50","0,50","0,50","0,50","0,50","0,50"
bd133874ef4f924056f85e2e0444189b,7 April 2021  08:38 AM,7 April 2021  09:05 AM,27 хв 33 сек,"10,00","0,50","0,50","0,50","0,50","0,50","0,50","0,50","0,50","0,50","0,50","0,50","0,50","0,50","0,50","0,50","0,50","0,50","0,50","0,50","0,50"
58caf6ecf4ce1f98166b2414e49d97d7,7 April 2021  08:38 AM,7 April 2021  09:06 AM,27 хв 43 сек,"10,00","0,50","0,50","0,50","0,50","0,50","0,50","0,50","0,50","0,50","0,50","0,50","0,50","0,50","0,50","0,50","0,50","0,50","0,50","0,50","0,50"
1979c1a26597af556009c84eb496ec5f,7 April 2021  08:39 AM,7 April 2021  08:58 AM,18 хв 41 сек,"9,50","0,50","0,50","0,50","0,50","0,50","0,50","0,50","0,50","0,00","0,50","0,50","0,50","0,50","0,50","0,50","0,50","0,50","0,50","0,50","0,50"
6b815df698bb756e4fb0af5f30e834da,7 April 2021  08:39 AM,7 April 2021  09:03 AM,24 хв 1 сек,"10,00","0,50","0,50","0,50","0,50","0,50","0,50","0,50","0,50","0,50","0,50","0,50","0,50","0,50","0,50","0,50","0,50","0,50","0,50","0,50","0,50"
d60696dfa06e69f9ddbd989600fdf05c,7 April 2021  08:39 AM,7 April 2021  09:09 AM,30 хв,"10,00","0,50","0,50","0,50","0,50","0,50","0,50","0,50","0,50","0,50","0,50","0,50","0,50","0,50","0,50","0,50","0,50","0,50","0,50","0,50","0,50"
f7ffa2f4dd9786c082a6b1f02fc30469,7 April 2021  08:40 AM,7 April 2021  09:09 AM,29 хв 38 сек,"8,33","0,50","0,50","0,50","0,50","0,50","0,50","0,50","0,00","0,50","0,50","0,50","0,50","0,50","0,50","0,50","0,50","0,00","0,00","0,50","0,33"
4fc7c7be5e2906be91ed0e7c04caeca4,7 April 2021  08:41 AM,7 April 2021  08:55 AM,14 хв,"8,83","0,50","0,50","0,50","0,50","0,00","0,50","0,50","0,50","0,50","0,50","0,50","0,50","0,50","0,50","0,50","0,50","0,00","0,50","0,50","0,33"
90d9e55ba54d6b9f68c356957178bf23,7 April 2021  08:42 AM,7 April 2021  09:01 AM,18 хв 55 сек,"9,83","0,50","0,50","0,50","0,50","0,50","0,50","0,50","0,50","0,50","0,50","0,50","0,50","0,50","0,50","0,50","0,50","0,50","0,50","0,50","0,33"
86b9444cb8a21541e566d251c5aab160,7 April 2021  08:42 AM,7 April 2021  09:07 AM,25 хв 7 сек,"10,00","0,50","0,50","0,50","0,50","0,50","0,50","0,50","0,50","0,50","0,50","0,50","0,50","0,50","0,50","0,50","0,50","0,50","0,50","0,50","0,50"
540eebab6b224de44e02a3914cf00dd1,7 April 2021  08:42 AM,7 April 2021  09:07 AM,24 хв 56 сек,"9,50","0,50","0,50","0,50","0,50","0,50","0,50","0,50","0,50","0,50","0,00","0,50","0,50","0,50","0,50","0,50","0,50","0,50","0,50","0,50","0,50"
3eb78e80b05cc6a3153f41310562bd7f,7 April 2021  08:42 AM,7 April 2021  09:08 AM,25 хв 29 сек,"10,00","0,50","0,50","0,50","0,50","0,50","0,50","0,50","0,50","0,50","0,50","0,50","0,50","0,50","0,50","0,50","0,50","0,50","0,50","0,50","0,50"
32cecde9991a3dc2494019ebd5eff6ea,7 April 2021  08:44 AM,7 April 2021  09:13 AM,28 хв 18 сек,"8,83","0,50","0,50","0,50","0,50","0,50","0,50","0,50","0,50","0,00","0,50","0,50","0,50","0,50","0,50","0,50","0,50","0,50","0,50","0,00","0,33"
54e1b04e8485e1133a8d2122ad080bec,7 April 2021  08:45 AM,7 April 2021  09:01 AM,16 хв 2 сек,"9,50","0,50","0,50","0,50","0,50","0,50","0,50","0,50","0,50","0,50","0,50","0,50","0,50","0,50","0,50","0,50","0,00","0,50","0,50","0,50","0,50"
c38c0652eadc16c16d13f58913a1a9dc,7 April 2021  08:46 AM,7 April 2021  09:08 AM,22 хв 1 сек,"8,83","0,50","0,50","0,50","0,50","0,50","0,50","0,50","0,00","0,50","0,50","0,50","0,50","0,50","0,00","0,50","0,50","0,50","0,50","0,50","0,33"
4691f89c3647902c431c95023f9663ef,7 April 2021  08:46 AM,7 April 2021  09:12 AM,25 хв 31 сек,"10,00","0,50","0,50","0,50","0,50","0,50","0,50","0,50","0,50","0,50","0,50","0,50","0,50","0,50","0,50","0,50","0,50","0,50","0,50","0,50","0,50"
ce48e7a3b2c22cef0283d092cc0f0356,7 April 2021  08:46 AM,7 April 2021  09:08 AM,21 хв 55 сек,"10,00","0,50","0,50","0,50","0,50","0,50","0,50","0,50","0,50","0,50","0,50","0,50","0,50","0,50","0,50","0,50","0,50","0,50","0,50","0,50","0,50"
61073f39426e71fc65514c2c793beb8f,7 April 2021  08:48 AM,7 April 2021  09:07 AM,18 хв 12 сек,"10,00","0,50","0,50","0,50","0,50","0,50","0,50","0,50","0,50","0,50","0,50","0,50","0,50","0,50","0,50","0,50","0,50","0,50","0,50","0,50","0,50"
9dd6e144531d4461fac28beb889ffa15,7 April 2021  08:50 AM,7 April 2021  09:04 AM,14 хв 10 сек,"7,33","0,50","0,50","0,50","0,50","0,00","0,50","0,50","0,00","0,50","0,00","0,50","0,50","0,50","0,50","0,50","0,50","0,00","0,00","0,50","0,33"
d8e9e4489097ee331b85d3e1bbc75a01,7 April 2021  08:50 AM,7 April 2021  09:16 AM,26 хв 37 сек,"9,50","0,50","0,50","0,50","0,50","0,50","0,50","0,50","0,50","0,50","0,50","0,50","0,50","0,50","0,50","0,50","0,50","0,00","0,50","0,50","0,50"
a5d9a7c21ae79b89d6b4de43e401eccb,7 April 2021  08:51 AM,7 April 2021  09:06 AM,15 хв 10 сек,"9,00","0,50","0,50","0,50","0,50","0,50","0,50","0,00","0,50","0,50","0,50","0,50","0,50","0,50","0,50","0,50","0,50","0,00","0,50","0,50","0,50"
8cc1061f12319ef2d99135bc6722d70f,7 April 2021  08:51 AM,7 April 2021  09:10 AM,19 хв 44 сек,"9,00","0,50","0,50","0,50","0,50","0,50","0,50","0,50","0,50","0,50","0,50","0,00","0,50","0,50","0,50","0,50","0,50","0,00","0,50","0,50","0,50"
b9b16d3948635263d1dc9adc69a17e86,7 April 2021  08:51 AM,7 April 2021  09:11 AM,20 хв 41 сек,"8,83","0,50","0,50","0,00","0,50","0,50","0,50","0,50","0,50","0,50","0,50","0,50","0,50","0,50","0,50","0,50","0,50","0,00","0,50","0,50","0,33"
c0b02e2a9c220f22e2748e226e01acc9,7 April 2021  08:52 AM,7 April 2021  09:06 AM,14 хв 40 сек,"8,33","0,50","0,50","0,50","0,50","0,50","0,50","0,50","0,00","0,50","0,00","0,50","0,50","0,50","0,50","0,50","0,50","0,50","0,00","0,50","0,33"
c6f27731775d5e147c4f9cf7473af2d6,7 April 2021  08:52 AM,7 April 2021  09:15 AM,22 хв 55 сек,"9,83","0,50","0,50","0,50","0,50","0,50","0,50","0,50","0,50","0,50","0,50","0,50","0,50","0,50","0,50","0,50","0,50","0,50","0,50","0,50","0,33"
a40d9e74995d3d7ed521e8e95e5b74d5,7 April 2021  08:54 AM,7 April 2021  09:08 AM,14 хв 46 сек,"10,00","0,50","0,50","0,50","0,50","0,50","0,50","0,50","0,50","0,50","0,50","0,50","0,50","0,50","0,50","0,50","0,50","0,50","0,50","0,50","0,50"
ef8301f1f92e0418439666ae2214dff7,7 April 2021  08:54 AM,7 April 2021  09:20 AM,26 хв 7 сек,"9,00","0,50","0,50","0,50","0,50","0,50","0,50","0,50","0,50","0,50","0,50","0,50","0,50","0,00","0,50","0,50","0,50","0,00","0,50","0,50","0,50"
e47dd5159aab76e36d503d0dc65f1eb8,7 April 2021  08:57 AM,7 April 2021  09:13 AM,16 хв 23 сек,"9,50","0,50","0,50","0,50","0,50","0,50","0,50","0,50","0,50","0,50","0,50","0,50","0,50","0,00","0,50","0,50","0,50","0,50","0,50","0,50","0,50"
331b624ed1f623e722d20cc9e85ea399,7 April 2021  09:01 AM,7 April 2021  09:13 AM,11 хв 22 сек,"9,00","0,50","0,50","0,50","0,50","0,50","0,50","0,50","0,00","0,00","0,50","0,50","0,50","0,50","0,50","0,50","0,50","0,50","0,50","0,50","0,50"
edb281e6aeeb6b70f3511cc87846805a,7 April 2021  09:04 AM,7 April 2021  09:13 AM,9 хв 10 сек,"8,50","0,50","0,50","0,50","0,50","0,00","0,50","0,50","0,00","0,50","0,00","0,50","0,50","0,50","0,50","0,50","0,50","0,50","0,50","0,50","0,50"
5d781f72033dcf88a4cfb2fee96f6454,7 April 2021  09:11 AM,7 April 2021  09:21 AM,10 хв 3 сек,"9,50","0,50","0,50","0,50","0,50","0,50","0,50","0,50","0,50","0,50","0,50","0,50","0,50","0,50","0,50","0,50","0,50","0,00","0,50","0,50","0,50"
2d3059196a7dac14700aff3770d3cb74,7 April 2021  09:12 AM,7 April 2021  09:28 AM,16 хв 15 сек,"10,00","0,50","0,50","0,50","0,50","0,50","0,50","0,50","0,50","0,50","0,50","0,50","0,50","0,50","0,50","0,50","0,50","0,50","0,50","0,50","0,50"
3bf54898257510366c1626dee454c06b,7 April 2021  09:31 AM,7 April 2021  10:00 AM,29 хв 31 сек,"9,00","0,50","0,50","0,50","0,50","0,50","0,50","0,50","0,50","0,00","0,50","0,50","0,50","0,50","0,50","0,50","0,50","0,00","0,50","0,50","0,50"
5d91cb61aad8e11982c0ce816ccdf8fe,7 April 2021  09:43 AM,7 April 2021  09:54 AM,10 хв 9 сек,"10,00","0,50","0,50","0,50","0,50","0,50","0,50","0,50","0,50","0,50","0,50","0,50","0,50","0,50","0,50","0,50","0,50","0,50","0,50","0,50","0,50"
7bbee2bc0e6822243d6d377fd894911a,7 April 2021  10:20 AM,7 April 2021  10:33 AM,13 хв 15 сек,"9,50","0,50","0,50","0,50","0,50","0,50","0,50","0,50","0,50","0,50","0,50","0,50","0,50","0,50","0,50","0,50","0,50","0,00","0,50","0,50","0,50"
574715412fe7aa8a9b5db93614bc5abd,7 April 2021  10:23 AM,7 April 2021  10:50 AM,27 хв 1 сек,"9,50","0,50","0,50","0,50","0,50","0,50","0,50","0,50","0,00","0,50","0,50","0,50","0,50","0,50","0,50","0,50","0,50","0,50","0,50","0,50","0,50"
e0e29d97e65210e7854b29276f133eec,7 April 2021  14:32 PM,7 April 2021  15:00 PM,28 хв 36 сек,"10,00","0,50","0,50","0,50","0,50","0,50","0,50","0,50","0,50","0,50","0,50","0,50","0,50","0,50","0,50","0,50","0,50","0,50","0,50","0,50","0,50"
34dd9daa3fad563db87fbb042d75c17f,7 April 2021  17:30 PM,7 April 2021  17:50 PM,20 хв 6 сек,"10,00","0,50","0,50","0,50","0,50","0,50","0,50","0,50","0,50","0,50","0,50","0,50","0,50","0,50","0,50","0,50","0,50","0,50","0,50","0,50","0,50"
5a4070de696360e40536cd117011753b,7 April 2021  20:54 PM,7 April 2021  21:19 PM,25 хв 10 сек,"10,00","0,50","0,50","0,50","0,50","0,50","0,50","0,50","0,50","0,50","0,50","0,50","0,50","0,50","0,50","0,50","0,50","0,50","0,50","0,50","0,50"
e5a96f4bfb0e0716d18cf085e13a4a7a,7 April 2021  21:18 PM,7 April 2021  21:35 PM,17 хв 17 сек,"6,00","0,50","0,50","0,50","0,50","0,50","0,50","0,50","0,50","0,00","0,00","0,00","0,50","0,50","0,00","0,00","0,00","0,00","0,50","0,00","0,50"
ac2ccd0cb34416d13d9c5f889d6303af,7 April 2021  21:33 PM,7 April 2021  21:53 PM,19 хв 50 сек,"10,00","0,50","0,50","0,50","0,50","0,50","0,50","0,50","0,50","0,50","0,50","0,50","0,50","0,50","0,50","0,50","0,50","0,50","0,50","0,50","0,50"
8778a5941eb91feead04e87a318592d2,7 April 2021  21:48 PM,7 April 2021  22:03 PM,14 хв 56 сек,"8,83","0,50","0,50","0,50","0,50","0,50","0,50","0,00","0,50","0,50","0,50","0,50","0,50","0,50","0,50","0,00","0,50","0,50","0,50","0,50","0,33"
41ba9acd6c66571ce219e7ebb893ee9a,8 April 2021  08:48 AM,8 April 2021  09:10 AM,21 хв 47 сек,"9,83","0,50","0,50","0,50","0,50","0,50","0,50","0,50","0,50","0,50","0,50","0,50","0,50","0,50","0,50","0,50","0,50","0,50","0,50","0,50","0,33"
537612e80024eb7d5e5db0d6e34161d2,8 April 2021  08:49 AM,8 April 2021  09:10 AM,21 хв 7 сек,"9,83","0,50","0,50","0,50","0,50","0,50","0,50","0,50","0,50","0,50","0,50","0,50","0,50","0,50","0,50","0,50","0,50","0,50","0,50","0,50","0,33"
1cf6c2480462bc86f88d2a380a25efc3,8 April 2021  08:50 AM,8 April 2021  09:10 AM,20 хв 45 сек,"10,00","0,50","0,50","0,50","0,50","0,50","0,50","0,50","0,50","0,50","0,50","0,50","0,50","0,50","0,50","0,50","0,50","0,50","0,50","0,50","0,50"
c20993dbb81daf677661556711f86a41,8 April 2021  08:52 AM,8 April 2021  09:21 AM,29 хв 43 сек,"9,00","0,50","0,50","0,50","0,50","0,50","0,50","0,50","0,50","0,50","0,50","0,50","0,50","0,50","0,00","0,00","0,50","0,50","0,50","0,50","0,50"
3d032ef3a0da71d69d597c9e9c3bd37e,8 April 2021  12:32 PM,8 April 2021  12:47 PM,14 хв 54 сек,"10,00","0,50","0,50","0,50","0,50","0,50","0,50","0,50","0,50","0,50","0,50","0,50","0,50","0,50","0,50","0,50","0,50","0,50","0,50","0,50","0,50"
4a0c8175a8e0668247b3bf718ad24d5b,8 April 2021  14:23 PM,8 April 2021  14:30 PM,6 хв 30 сек,"10,00","0,50","0,50","0,50","0,50","0,50","0,50","0,50","0,50","0,50","0,50","0,50","0,50","0,50","0,50","0,50","0,50","0,50","0,50","0,50","0,50"
0c0f6eeb7a71e868e530b466dbcdc26c,8 April 2021  15:08 PM,8 April 2021  15:18 PM,9 хв 49 сек,"10,00","0,50","0,50","0,50","0,50","0,50","0,50","0,50","0,50","0,50","0,50","0,50","0,50","0,50","0,50","0,50","0,50","0,50","0,50","0,50","0,50"
45a439c2fd5a50a132717f7d6f9159eb,9 April 2021  09:40 AM,9 April 2021  09:54 AM,14 хв 28 сек,"10,00","0,50","0,50","0,50","0,50","0,50","0,50","0,50","0,50","0,50","0,50","0,50","0,50","0,50","0,50","0,50","0,50","0,50","0,50","0,50","0,50"
3bb53d5b1ebd9c3848f88f388055b926,9 April 2021  12:36 PM,9 April 2021  12:48 PM,11 хв 35 сек,"10,00","0,50","0,50","0,50","0,50","0,50","0,50","0,50","0,50","0,50","0,50","0,50","0,50","0,50","0,50","0,50","0,50","0,50","0,50","0,50","0,50"
421ae867d240daa1dcff341097971b32,10 April 2021  02:06 AM,10 April 2021  02:28 AM,22 хв 1 сек,"10,00","0,50","0,50","0,50","0,50","0,50","0,50","0,50","0,50","0,50","0,50","0,50","0,50","0,50","0,50","0,50","0,50","0,50","0,50","0,50","0,50"
1e08a5e36a16878456ac6405183610c7,10 April 2021  02:21 AM,10 April 2021  02:35 AM,13 хв 38 сек,"9,50","0,50","0,50","0,50","0,50","0,50","0,50","0,50","0,50","0,50","0,50","0,50","0,50","0,50","0,50","0,50","0,50","0,00","0,50","0,50","0,50"
e8826783f34cabaa7a34936847cf178d,10 April 2021  16:45 PM,10 April 2021  17:03 PM,17 хв 40 сек,"9,00","0,50","0,50","0,50","0,50","0,50","0,50","0,00","0,50","0,50","0,00","0,50","0,50","0,50","0,50","0,50","0,50","0,50","0,50","0,50","0,50"
a7b7246b901392ef5d0e6b4e402a0d6e,12 April 2021  14:39 PM,12 April 2021  14:59 PM,20 хв 5 сек,"9,00","0,50","0,50","0,50","0,50","0,50","0,50","0,50","0,00","0,50","0,50","0,50","0,50","0,50","0,50","0,50","0,50","0,00","0,50","0,50","0,50"
59b8775d9d47088d6e8fb36af5a2cf87,12 April 2021  16:40 PM,12 April 2021  16:52 PM,11 хв 42 сек,"10,00","0,50","0,50","0,50","0,50","0,50","0,50","0,50","0,50","0,50","0,50","0,50","0,50","0,50","0,50","0,50","0,50","0,50","0,50","0,50","0,50"
f6662d314e7d42c4cbdf4b1c8c8f4f0a,12 April 2021  16:54 PM,12 April 2021  17:02 PM,8 хв 25 сек,"10,00","0,50","0,50","0,50","0,50","0,50","0,50","0,50","0,50","0,50","0,50","0,50","0,50","0,50","0,50","0,50","0,50","0,50","0,50","0,50","0,50"
54375b64f3bc6226171b0fa210a84158,12 April 2021  20:27 PM,12 April 2021  20:36 PM,9 хв 17 сек,"10,00","0,50","0,50","0,50","0,50","0,50","0,50","0,50","0,50","0,50","0,50","0,50","0,50","0,50","0,50","0,50","0,50","0,50","0,50","0,50","0,50"
2ff8b7b79da30e62a921fbb082202ae7,13 April 2021  09:46 AM,13 April 2021  09:54 AM,8 хв 19 сек,"10,00","0,50","0,50","0,50","0,50","0,50","0,50","0,50","0,50","0,50","0,50","0,50","0,50","0,50","0,50","0,50","0,50","0,50","0,50","0,50","0,50"
b9f69f6e26513b9c928435e6460bad72,13 April 2021  13:45 PM,13 April 2021  13:59 PM,14 хв 1 сек,"10,00","0,50","0,50","0,50","0,50","0,50","0,50","0,50","0,50","0,50","0,50","0,50","0,50","0,50","0,50","0,50","0,50","0,50","0,50","0,50","0,50"
432386202a28a78b3e2724fd7a76ba2b,13 April 2021  14:15 PM,13 April 2021  14:30 PM,14 хв 57 сек,"8,17","0,50","0,50","0,50","0,50","0,50","0,50","0,50","0,00","0,00","0,50","0,00","0,50","0,50","0,50","0,50","0,50","0,50","0,50","0,50","0,17"
4b670cf0f62a6eb8346c4e3efe072325,13 April 2021  14:21 PM,13 April 2021  14:40 PM,18 хв 31 сек,"10,00","0,50","0,50","0,50","0,50","0,50","0,50","0,50","0,50","0,50","0,50","0,50","0,50","0,50","0,50","0,50","0,50","0,50","0,50","0,50","0,50"
d893358162d35d1a8ad10a042034c2e2,13 April 2021  15:15 PM,13 April 2021  15:35 PM,19 хв 55 сек,"10,00","0,50","0,50","0,50","0,50","0,50","0,50","0,50","0,50","0,50","0,50","0,50","0,50","0,50","0,50","0,50","0,50","0,50","0,50","0,50","0,50"
ec839818774c4bdff0557ac0cd927a43,15 April 2021  13:41 PM,15 April 2021  13:55 PM,13 хв 57 сек,"7,00","0,50","0,50","0,50","0,50","0,50","0,50","0,50","0,00","0,50",-,"0,50","0,00","0,50","0,50","0,50","0,00","0,00","0,50","0,50",-
cb5bdac078ea5b77443c349a1293f896,15 April 2021  18:04 PM,15 April 2021  18:14 PM,9 хв 25 сек,"10,00","0,50","0,50","0,50","0,50","0,50","0,50","0,50","0,50","0,50","0,50","0,50","0,50","0,50","0,50","0,50","0,50","0,50","0,50","0,50","0,50"
f64c63f9522fc70e34cd557f2209e725,16 April 2021  09:02 AM,16 April 2021  09:28 AM,25 хв 53 сек,"9,50","0,50","0,50","0,50","0,50","0,50","0,50","0,50","0,50","0,50","0,50","0,50","0,50","0,50","0,50","0,50","0,50","0,50","0,50","0,00","0,50"
0a0544aff660e37c45ae7ea13c823d64,16 April 2021  19:37 PM,16 April 2021  20:04 PM,26 хв 48 сек,"10,00","0,50","0,50","0,50","0,50","0,50","0,50","0,50","0,50","0,50","0,50","0,50","0,50","0,50","0,50","0,50","0,50","0,50","0,50","0,50","0,50"
2fa9d2fa83b75d5f080ea4bfbc389825,16 April 2021  22:07 PM,16 April 2021  22:37 PM,29 хв 45 сек,"10,00","0,50","0,50","0,50","0,50","0,50","0,50","0,50","0,50","0,50","0,50","0,50","0,50","0,50","0,50","0,50","0,50","0,50","0,50","0,50","0,50"
7cebdec264ec7487d1d2f2e864215d59,17 April 2021  18:49 PM,17 April 2021  18:59 PM,10 хв 3 сек,"10,00","0,50","0,50","0,50","0,50","0,50","0,50","0,50","0,50","0,50","0,50","0,50","0,50","0,50","0,50","0,50","0,50","0,50","0,50","0,50","0,50"
05aa7314484cacd5a878cbeed9fab58f,18 April 2021  11:26 AM,18 April 2021  11:45 AM,19 хв 21 сек,"10,00","0,50","0,50","0,50","0,50","0,50","0,50","0,50","0,50","0,50","0,50","0,50","0,50","0,50","0,50","0,50","0,50","0,50","0,50","0,50","0,50"
10c64f3d79dcdeb98c1ebc6e616b1220,18 April 2021  16:11 PM,18 April 2021  16:29 PM,18 хв 7 сек,"10,00","0,50","0,50","0,50","0,50","0,50","0,50","0,50","0,50","0,50","0,50","0,50","0,50","0,50","0,50","0,50","0,50","0,50","0,50","0,50","0,50"
33b0500ed04e4fcac652aeeb2c872531,18 April 2021  16:57 PM,18 April 2021  17:06 PM,9 хв 5 сек,"10,00","0,50","0,50","0,50","0,50","0,50","0,50","0,50","0,50","0,50","0,50","0,50","0,50","0,50","0,50","0,50","0,50","0,50","0,50","0,50","0,50"
